{"stats":{"minecraft:used":{"minecraft:bread":2,"minecraft:leather_helmet":1,"minecraft:iron_sword":20,"minecraft:leather_boots":1},"minecraft:picked_up":{"minecraft:crafting_table":1,"minecraft:leather_chestplate":1,"minecraft:leather_boots":1,"minecraft:leather_leggings":1,"minecraft:stone_pickaxe":1,"minecraft:written_book":3,"minecraft:bread":31,"minecraft:iron_sword":1,"minecraft:leather_helmet":1},"minecraft:killed_by":{"minecraft:player":2},"minecraft:custom":{"minecraft:time_since_rest":22900,"minecraft:crouch_one_cm":331,"minecraft:play_time":32417,"minecraft:sprint_one_cm":9601,"minecraft:deaths":4,"minecraft:damage_taken":1193,"minecraft:walk_one_cm":8923,"minecraft:sneak_time":548,"minecraft:trigger_trapped_chest":3,"minecraft:walk_under_water_one_cm":17479,"minecraft:jump":49,"minecraft:damage_dealt":649,"minecraft:leave_game":1,"minecraft:time_since_death":22896,"minecraft:walk_on_water_one_cm":13,"minecraft:total_world_time":32417,"minecraft:interact_with_crafting_table":1,"minecraft:fall_one_cm":3613,"minecraft:fly_one_cm":9684,"minecraft:player_kills":3}},"DataVersion":3465}