{"stats":{"minecraft:killed":{"minecraft:skeleton":3,"minecraft:zombie":7},"minecraft:killed_by":{"minecraft:player":3},"minecraft:used":{"minecraft:oak_fence":50,"minecraft:netherite_sword":17,"minecraft:water_bucket":28,"minecraft:light":250,"minecraft:dirt_path":1,"minecraft:netherite_shovel":56,"minecraft:lava_bucket":23,"minecraft:stone_sword":16,"minecraft:light_gray_stained_glass":189,"minecraft:red_wool":35,"minecraft:grass_block":2,"minecraft:bread":1,"minecraft:smooth_sandstone":3,"minecraft:oak_planks":54,"minecraft:oak_sign":5,"minecraft:blue_wool":9,"minecraft:chest":4,"minecraft:leather_chestplate":1,"minecraft:ender_chest":6,"minecraft:white_dye":3,"minecraft:glow_ink_sac":3,"minecraft:stone_bricks":8,"minecraft:birch_trapdoor":11,"minecraft:white_wool":43,"minecraft:red_carpet":24,"minecraft:cobblestone":31,"minecraft:magenta_wool":29,"minecraft:white_carpet":26,"minecraft:crafting_table":4,"minecraft:red_bed":2,"minecraft:light_blue_wool":15,"minecraft:white_stained_glass":60,"minecraft:sandstone_slab":2,"minecraft:bone_meal":223,"minecraft:purple_wool":21},"minecraft:dropped":{"minecraft:crafting_table":1,"minecraft:rotten_flesh":1,"minecraft:written_book":1,"minecraft:recovery_compass":1},"minecraft:custom":{"minecraft:time_since_rest":5285,"minecraft:sprint_one_cm":262525,"minecraft:open_enderchest":1,"minecraft:damage_taken":1230,"minecraft:walk_one_cm":184945,"minecraft:mob_kills":12,"minecraft:drop":4,"minecraft:damage_dealt":2341,"minecraft:swim_one_cm":1603,"minecraft:interact_with_crafting_table":6,"minecraft:fly_one_cm":2023095,"minecraft:player_kills":2,"minecraft:open_barrel":5,"minecraft:open_chest":9,"minecraft:crouch_one_cm":5010,"minecraft:play_time":201449,"minecraft:deaths":16,"minecraft:sneak_time":3859,"minecraft:walk_under_water_one_cm":30690,"minecraft:jump":1448,"minecraft:leave_game":6,"minecraft:walk_on_water_one_cm":4660,"minecraft:time_since_death":5283,"minecraft:sleep_in_bed":1,"minecraft:total_world_time":201449,"minecraft:climb_one_cm":20,"minecraft:fall_one_cm":21318},"minecraft:mined":{"minecraft:red_bed":2,"minecraft:grass":13},"minecraft:picked_up":{"minecraft:leather_chestplate":1,"minecraft:warped_fungus":2,"minecraft:leather_leggings":1,"minecraft:light":128,"minecraft:red_bed":2,"minecraft:leather_helmet":1,"minecraft:twisting_vines":2,"minecraft:leather_boots":1,"minecraft:stone_sword":1,"minecraft:arrow":4,"minecraft:bone":2,"minecraft:rotten_flesh":4,"minecraft:written_book":4,"minecraft:bread":31,"minecraft:warped_roots":1}},"DataVersion":3465}