{"stats":{"minecraft:killed":{"minecraft:zombie":5,"minecraft:wither_skeleton":1},"minecraft:used":{"minecraft:emerald_ore":1,"minecraft:netherite_sword":17,"minecraft:light":25,"minecraft:end_crystal":8,"minecraft:crafting_table":5,"minecraft:oak_planks":146},"minecraft:crafted":{"minecraft:stone_pickaxe":1},"minecraft:picked_up":{"minecraft:azure_bluet":5,"minecraft:lilac":4,"minecraft:torch":1},"minecraft:dropped":{"minecraft:lilac":2,"minecraft:azure_bluet":3},"minecraft:custom":{"minecraft:time_since_rest":8453,"minecraft:open_chest":1,"minecraft:damage_taken":1242,"minecraft:crouch_one_cm":244,"minecraft:deaths":11,"minecraft:play_time":74324,"minecraft:sprint_one_cm":61241,"minecraft:walk_one_cm":29748,"minecraft:sneak_time":1240,"minecraft:trigger_trapped_chest":1,"minecraft:walk_under_water_one_cm":8372,"minecraft:mob_kills":6,"minecraft:drop":2,"minecraft:jump":457,"minecraft:damage_dealt":1220,"minecraft:leave_game":7,"minecraft:walk_on_water_one_cm":269,"minecraft:time_since_death":8422,"minecraft:total_world_time":74324,"minecraft:swim_one_cm":1071,"minecraft:interact_with_crafting_table":6,"minecraft:fall_one_cm":8152,"minecraft:fly_one_cm":700972}},"DataVersion":3465}