{"stats":{"minecraft:killed":{"minecraft:skeleton":1},"minecraft:crafted":{"minecraft:oak_planks":256,"minecraft:stick":24,"minecraft:knowledge_book":11},"minecraft:picked_up":{"minecraft:arrow":2,"minecraft:bow":1},"minecraft:custom":{"minecraft:time_since_rest":17941,"minecraft:open_chest":2,"minecraft:crouch_one_cm":7,"minecraft:play_time":17941,"minecraft:sprint_one_cm":7725,"minecraft:damage_taken":30,"minecraft:walk_one_cm":4193,"minecraft:sneak_time":562,"minecraft:walk_under_water_one_cm":13634,"minecraft:mob_kills":1,"minecraft:jump":60,"minecraft:damage_dealt":455,"minecraft:leave_game":2,"minecraft:walk_on_water_one_cm":3061,"minecraft:time_since_death":17941,"minecraft:total_world_time":17941,"minecraft:interact_with_crafting_table":4,"minecraft:fall_one_cm":569,"minecraft:fly_one_cm":217598},"minecraft:used":{"minecraft:slime_spawn_egg":2,"minecraft:wooden_axe":3,"minecraft:cobblestone":17,"minecraft:crafting_table":2,"minecraft:iron_axe":3}},"DataVersion":3465}