{"stats":{"minecraft:custom":{"minecraft:jump":63,"minecraft:time_since_rest":31,"minecraft:damage_taken":300,"minecraft:crouch_one_cm":16,"minecraft:leave_game":2,"minecraft:sprint_one_cm":6336,"minecraft:play_time":13501,"minecraft:walk_one_cm":2580,"minecraft:time_since_death":1,"minecraft:deaths":2,"minecraft:sneak_time":566,"minecraft:total_world_time":13501,"minecraft:fall_one_cm":1718,"minecraft:fly_one_cm":235132},"minecraft:picked_up":{"minecraft:sand":1},"minecraft:mined":{"minecraft:grass":1,"minecraft:sand":2}},"DataVersion":3465}