{"stats":{"minecraft:custom":{"minecraft:time_since_rest":3651,"minecraft:open_chest":1,"minecraft:damage_taken":1020,"minecraft:crouch_one_cm":157,"minecraft:deaths":7,"minecraft:play_time":53308,"minecraft:sprint_one_cm":42538,"minecraft:walk_one_cm":17682,"minecraft:sneak_time":720,"minecraft:trigger_trapped_chest":1,"minecraft:walk_under_water_one_cm":7060,"minecraft:mob_kills":5,"minecraft:drop":2,"minecraft:jump":300,"minecraft:damage_dealt":1011,"minecraft:leave_game":6,"minecraft:walk_on_water_one_cm":269,"minecraft:time_since_death":3629,"minecraft:total_world_time":53308,"minecraft:swim_one_cm":1071,"minecraft:interact_with_crafting_table":2,"minecraft:fall_one_cm":3482,"minecraft:fly_one_cm":462044},"minecraft:picked_up":{"minecraft:azure_bluet":5,"minecraft:lilac":4},"minecraft:crafted":{"minecraft:stone_pickaxe":1},"minecraft:dropped":{"minecraft:lilac":2,"minecraft:azure_bluet":3},"minecraft:killed":{"minecraft:zombie":5},"minecraft:used":{"minecraft:emerald_ore":1,"minecraft:netherite_sword":15,"minecraft:light":25,"minecraft:crafting_table":2,"minecraft:oak_planks":146}},"DataVersion":3465}