{"stats":{"minecraft:used":{"minecraft:crafting_table":1},"minecraft:custom":{"minecraft:jump":57,"minecraft:open_chest":3,"minecraft:time_since_rest":13821,"minecraft:walk_on_water_one_cm":667,"minecraft:sprint_one_cm":5130,"minecraft:walk_one_cm":1344,"minecraft:leave_game":10,"minecraft:play_time":14315,"minecraft:damage_taken":110,"minecraft:time_since_death":13800,"minecraft:deaths":1,"minecraft:sneak_time":573,"minecraft:total_world_time":14315,"minecraft:walk_under_water_one_cm":2395,"minecraft:interact_with_crafting_table":1,"minecraft:fly_one_cm":399753,"minecraft:open_barrel":2}},"DataVersion":3465}