{"stats":{"minecraft:mined":{"minecraft:grass":1,"minecraft:sand":2},"minecraft:custom":{"minecraft:jump":63,"minecraft:time_since_rest":11719,"minecraft:crouch_one_cm":16,"minecraft:walk_one_cm":2580,"minecraft:sprint_one_cm":6336,"minecraft:leave_game":1,"minecraft:play_time":13211,"minecraft:damage_taken":300,"minecraft:time_since_death":11699,"minecraft:deaths":1,"minecraft:sneak_time":566,"minecraft:total_world_time":13211,"minecraft:fall_one_cm":1718,"minecraft:fly_one_cm":235132},"minecraft:picked_up":{"minecraft:sand":1}},"DataVersion":3465}