{"stats":{"minecraft:custom":{"minecraft:jump":90,"minecraft:time_since_rest":8289,"minecraft:crouch_one_cm":78,"minecraft:damage_taken":580,"minecraft:damage_dealt":38,"minecraft:sprint_one_cm":7520,"minecraft:walk_one_cm":2897,"minecraft:leave_game":3,"minecraft:play_time":17181,"minecraft:walk_on_water_one_cm":1657,"minecraft:time_since_death":8211,"minecraft:deaths":3,"minecraft:sneak_time":252,"minecraft:climb_one_cm":401,"minecraft:total_world_time":17181,"minecraft:walk_under_water_one_cm":8837,"minecraft:swim_one_cm":282,"minecraft:fall_one_cm":6904,"minecraft:fly_one_cm":382120}},"DataVersion":3465}