{"stats":{"minecraft:picked_up":{"minecraft:granite":4,"minecraft:coal":5,"minecraft:cobblestone":26},"minecraft:mined":{"minecraft:grass":1},"minecraft:custom":{"minecraft:jump":163,"minecraft:time_since_rest":11633,"minecraft:leave_game":1,"minecraft:sprint_one_cm":11971,"minecraft:play_time":11633,"minecraft:damage_taken":10,"minecraft:time_since_death":11633,"minecraft:walk_one_cm":3167,"minecraft:sneak_time":117,"minecraft:climb_one_cm":220,"minecraft:total_world_time":11633,"minecraft:fall_one_cm":1141,"minecraft:fly_one_cm":170273},"minecraft:used":{"minecraft:cobblestone":5,"minecraft:flint_and_steel":30,"minecraft:tnt":110}},"DataVersion":3465}