{
  "minecraft:recipes/decorations/crafting_table": {
    "criteria": {
      "unlock_right_away": "2024-06-20 17:59:35 +0000"
    },
    "done": true
  },
  "minecraft:adventure/adventuring_time": {
    "criteria": {
      "minecraft:snowy_slopes": "2024-06-20 18:05:49 +0000",
      "minecraft:taiga": "2024-06-20 18:03:29 +0000",
      "minecraft:birch_forest": "2024-06-20 18:03:40 +0000",
      "minecraft:savanna_plateau": "2024-06-20 18:12:03 +0000",
      "minecraft:beach": "2024-06-20 18:04:22 +0000",
      "minecraft:dark_forest": "2024-06-20 18:04:07 +0000",
      "minecraft:river": "2024-06-20 18:03:38 +0000",
      "minecraft:stony_shore": "2024-06-20 18:04:04 +0000",
      "minecraft:grove": "2024-06-20 18:11:32 +0000",
      "minecraft:jagged_peaks": "2024-06-20 18:11:33 +0000",
      "minecraft:forest": "2024-06-20 18:03:43 +0000",
      "minecraft:old_growth_birch_forest": "2024-06-20 17:59:39 +0000",
      "minecraft:savanna": "2024-06-20 18:11:53 +0000",
      "minecraft:plains": "2024-06-20 18:05:37 +0000"
    },
    "done": false
  },
  "minecraft:recipes/transportation/mangrove_boat": {
    "criteria": {
      "in_water": "2024-06-20 18:04:18 +0000"
    },
    "done": true
  },
  "nova_structures:adventure/find_all_illager_structures": {
    "criteria": {
      "illager_camp": "2024-06-20 18:06:50 +0000"
    },
    "done": false
  },
  "minecraft:end/space_explorer": {
    "criteria": {
      "minecraft:end_highlands": "2024-06-20 18:12:26 +0000",
      "minecraft:shulk_realm": "2024-06-20 18:12:33 +0000"
    },
    "done": false
  },
  "minecraft:recipes/transportation/acacia_boat": {
    "criteria": {
      "in_water": "2024-06-20 18:04:18 +0000"
    },
    "done": true
  },
  "minecraft:recipes/transportation/cherry_boat": {
    "criteria": {
      "in_water": "2024-06-20 18:04:18 +0000"
    },
    "done": true
  },
  "minecraft:end/root": {
    "criteria": {
      "entered_end": "2024-06-20 18:12:25 +0000"
    },
    "done": true
  },
  "minecraft:recipes/transportation/bamboo_raft": {
    "criteria": {
      "in_water": "2024-06-20 18:04:18 +0000"
    },
    "done": true
  },
  "minecraft:recipes/transportation/spruce_boat": {
    "criteria": {
      "in_water": "2024-06-20 18:04:18 +0000"
    },
    "done": true
  },
  "minecraft:recipes/transportation/birch_boat": {
    "criteria": {
      "in_water": "2024-06-20 18:04:18 +0000"
    },
    "done": true
  },
  "minecraft:recipes/transportation/oak_boat": {
    "criteria": {
      "in_water": "2024-06-20 18:04:18 +0000"
    },
    "done": true
  },
  "minecraft:story/root": {
    "criteria": {
      "crafting_table": "2024-06-20 18:03:09 +0000"
    },
    "done": true
  },
  "minecraft:recipes/transportation/jungle_boat": {
    "criteria": {
      "in_water": "2024-06-20 18:04:18 +0000"
    },
    "done": true
  },
  "minecraft:recipes/transportation/dark_oak_boat": {
    "criteria": {
      "in_water": "2024-06-20 18:04:18 +0000"
    },
    "done": true
  },
  "minecraft:story/enter_the_end": {
    "criteria": {
      "entered_end": "2024-06-20 18:12:25 +0000"
    },
    "done": true
  },
  "DataVersion": 3465
}