{
  "stellarity:cursed_tome/root": {
    "criteria": {
      "requirement": "2024-06-20 02:49:31 +0000"
    },
    "done": true
  },
  "stellarity:dragons_den/cursed_tome/root": {
    "criteria": {
      "requirement": "2024-06-20 02:49:31 +0000"
    },
    "done": true
  },
  "stellarity:dragons_den/cursed_tome/items/unlock_sabrewing": {
    "criteria": {
      "requirement": "2024-06-20 03:00:30 +0000"
    },
    "done": true
  },
  "stellarity:cursed_tome/sabrewing": {
    "criteria": {
      "requirement": "2024-06-20 03:00:30 +0000"
    },
    "done": true
  },
  "DataVersion": 3465
}